,client 0 (n_test=5261),client 1 (n_test=3785),client 2 (n_test=1452),client 3 (n_test=13726),client 4 (n_test=21903),client-avg,worst
Centralized LR,0.7827,0.7719,0.7889,0.7845,0.7835,0.7829,0.7719
Centralized LightGBM,0.7898,0.7834,0.7879,0.7946,0.7945,0.7928,0.7834
Centralized HeteroGNN,0.783,0.7752,0.7869,0.7875,0.7869,0.7856,0.7752
Local-only,0.7491,0.7463,0.7701,0.7718,0.7733,0.7678,0.7463
FedAvg,0.7775,0.7731,0.7789,0.7881,0.7838,0.7833,0.7731
FedAvg + Fine-tune,0.7731,0.7752,0.7789,0.7881,0.7838,0.783,0.7731
FedProx,0.7739,0.7671,0.7839,0.7822,0.7802,0.7791,0.7671
FedPer,0.7754,0.7732,0.783,0.7878,0.7823,0.7824,0.7732
Ditto,0.7794,0.7747,0.7871,0.7868,0.7807,0.7821,0.7747
