,client 0,client 1,client 2,client 3,client 4
FedAvg − Local-only,"+0.0284 [+0.0119, +0.0445]","+0.0269 [+0.0124, +0.0429]","+0.0088 [-0.0199, +0.0368]","+0.0163 [+0.0097, +0.0230]","+0.0105 [+0.0064, +0.0147]"
FedAvg − Centralized HeteroGNN,"-0.0054 [-0.0147, +0.0031]","-0.0020 [-0.0099, +0.0068]","-0.0080 [-0.0213, +0.0041]","+0.0006 [-0.0037, +0.0054]","-0.0030 [-0.0068, +0.0009]"
Local-only − Centralized HeteroGNN,"-0.0338 [-0.0490, -0.0172]","-0.0289 [-0.0427, -0.0135]","-0.0168 [-0.0485, +0.0130]","-0.0157 [-0.0222, -0.0091]","-0.0136 [-0.0184, -0.0088]"
FedAvg + Fine-tune − FedAvg,"-0.0044 [-0.0095, +0.0005]","+0.0020 [-0.0037, +0.0075]","+0.0000 [+0.0000, +0.0000]","+0.0000 [+0.0000, +0.0000]","+0.0000 [+0.0000, +0.0000]"
FedAvg + Fine-tune − Centralized HeteroGNN,"-0.0098 [-0.0190, -0.0004]","+0.0000 [-0.0094, +0.0095]","-0.0080 [-0.0199, +0.0036]","+0.0006 [-0.0042, +0.0051]","-0.0030 [-0.0068, +0.0008]"
FedProx − FedAvg,"-0.0036 [-0.0122, +0.0046]","-0.0061 [-0.0149, +0.0029]","+0.0050 [-0.0089, +0.0192]","-0.0059 [-0.0111, -0.0008]","-0.0036 [-0.0076, +0.0005]"
FedProx − Centralized HeteroGNN,"-0.0090 [-0.0193, +0.0011]","-0.0081 [-0.0187, +0.0021]","-0.0030 [-0.0197, +0.0118]","-0.0053 [-0.0109, +0.0005]","-0.0067 [-0.0114, -0.0024]"
FedPer − FedAvg,"-0.0021 [-0.0077, +0.0036]","+0.0001 [-0.0057, +0.0054]","+0.0041 [-0.0054, +0.0131]","-0.0003 [-0.0035, +0.0029]","-0.0015 [-0.0042, +0.0014]"
FedPer − Centralized HeteroGNN,"-0.0075 [-0.0175, +0.0018]","-0.0019 [-0.0100, +0.0058]","-0.0038 [-0.0164, +0.0105]","+0.0003 [-0.0047, +0.0050]","-0.0045 [-0.0088, -0.0006]"
Ditto − FedAvg,"+0.0019 [-0.0042, +0.0084]","+0.0016 [-0.0042, +0.0071]","+0.0082 [-0.0024, +0.0191]","-0.0013 [-0.0047, +0.0026]","-0.0031 [-0.0058, -0.0003]"
Ditto − Centralized HeteroGNN,"-0.0035 [-0.0124, +0.0064]","-0.0005 [-0.0083, +0.0078]","+0.0002 [-0.0123, +0.0138]","-0.0007 [-0.0056, +0.0039]","-0.0061 [-0.0101, -0.0019]"
