client,n_customer,n_positive,n_negative,positive_rate,share_of_global_positive,has_both_classes,test_n_positive,test_n_negative,test_auc_eligible
client_000,40753,260,40493,0.0063798984123868184,0.010473313192346425,True,52,8099,True
client_001,51583,6772,44811,0.1312835624139736,0.27278952668680767,True,1354,8962,True
client_002,2285,1523,762,0.6665207877461706,0.06134944612286002,True,305,152,True
client_003,1697,1688,9,0.99469652327637,0.06799597180261834,True,338,2,True
client_004,608,475,133,0.78125,0.019133937562940583,True,95,27,True
client_005,9236,4754,4482,0.5147249891728021,0.1915005035246727,True,951,896,True
client_006,168983,1334,167649,0.00789428522395744,0.0537361530715005,True,267,33530,True
client_007,597,558,39,0.9346733668341709,0.0224773413897281,True,112,8,True
client_008,25085,6158,18927,0.24548534981064382,0.2480563947633434,True,1232,3785,True
client_009,6684,1303,5381,0.19494314781567923,0.052487411883182275,True,261,1076,True
