epoch,train_loss,examples,optimizer_steps,auc,roc_auc,pr_auc,average_precision,test_count,test_positive
1,0.04812101480064235,32602,1019,0.6908521469887071,0.6908521469887071,0.017039426348665582,0.01877477698644064,8151,52
2,0.03687895350604994,32602,1019,0.7133383038741726,0.7133383038741726,0.021292661490001343,0.023777062065296003,8151,52
3,0.03513745697477211,32602,1019,0.6843556184524204,0.6843556184524204,0.018426156056829516,0.020188623201500614,8151,52
4,0.03344583795794142,32602,1019,0.6964416309705852,0.6964416309705852,0.02136128430451615,0.025665136318695415,8151,52
5,0.03162471227997794,32602,1019,0.7086036262786478,0.7086036262786478,0.03722701613088296,0.038427797204936935,8151,52
6,0.02851660451377868,32602,1019,0.6993052323648693,0.6993052323648693,0.025633452531009057,0.030930343709785323,8151,52
7,0.025103634252651094,32602,1019,0.6714242973966396,0.6714242973966396,0.01896712859235676,0.023097033441211973,8151,52
8,0.021765562857997522,32602,1019,0.6549597766105977,0.6549597766105977,0.015677258628383157,0.017416954512824854,8151,52
9,0.018325177851793446,32602,1019,0.6538105369133891,0.6538105369133891,0.015392270031824003,0.017609623947898268,8151,52
10,0.015208226546844443,32602,1019,0.6627064594869263,0.6627064594869263,0.016874060167533733,0.018879420558752663,8151,52
11,0.012848836014842525,32602,1019,0.6522374557162802,0.6522374557162802,0.014082141475612393,0.015587270860047985,8151,52
12,0.00990569227678987,32602,1019,0.6612924672561665,0.6612924672561665,0.015140323500692601,0.01690819636817059,8151,52
13,0.007927459488502236,32602,1019,0.6462858662512941,0.6462858662512941,0.012873679048847004,0.013731990907875115,8151,52
14,0.005651170022799489,32602,1019,0.6447020999743558,0.6447020999743558,0.017108076757779214,0.022547980909725433,8151,52
15,0.004145601983762018,32602,1019,0.656445002706887,0.656445002706887,0.015153009724161406,0.016495973175987572,8151,52
16,0.003685843068639422,32602,1019,0.6591127109709651,0.6591127109709651,0.012833232185034363,0.014008780919200488,8151,52
17,0.004176770488020498,32602,1019,0.635378774207642,0.635378774207642,0.011912104373570966,0.013231474918721849,8151,52
18,0.005191539467334838,32602,1019,0.6496243600824414,0.6496243600824414,0.012897667964170512,0.014094162648486052,8151,52
19,0.002280752614235598,32602,1019,0.6380156144633241,0.6380156144633241,0.015208213581262026,0.019051096835820076,8151,52
20,0.002776929214810162,32602,1019,0.6400410307065448,0.6400410307065448,0.01490383361076943,0.01716150186516573,8151,52
